Regime,EnhancedMLE_best_K,EnhancedMLE_best_MSE,ExpSig_best_K,ExpSig_best_MSE,RscSig_best_K,RscSig_best_MSE,ExpSig_improvement_%,RscSig_improvement_%
"Slow Reversion, Low Volatility",16,0.050255928442301076,256,0.04529984570426568,256,0.044910579204304385,9.861687748392677,10.636256067050276
"Fast Reversion, Low Volatility",1,0.539741133157705,1024,0.5441459749729439,1024,0.5441459749729439,-0.8161026730478804,-0.8161026730478804
"Slow Reversion, High Volatility",16,0.43365696466176445,256,0.3308038071862122,256,0.2967545921203034,23.717630721271522,31.569277954117393
"Fast Reversion, High Volatility",1,0.6789957447921506,64,0.6685157401713326,64,0.6697369593131907,1.5434565976589543,1.3635999267998633
